{"cameraMode":{"drawMode":0,"name":"Shaded","section":"Shading Mode"},"sceneLighting":true,"audioPlay":false,"sceneViewState":{"m_AlwaysRefresh":false,"showFog":true,"showSkybox":true,"showFlares":true,"showImageEffects":true,"showParticleSystems":true,"showVisualEffectGraphs":true,"m_FxEnabled":true},"in2DMode":false,"pivot":{"x":26.670869827270509,"y":-22.070362091064454,"z":56.47362518310547},"rotation":{"x":-0.14759881794452668,"y":-0.21565572917461396,"z":0.03299246355891228,"w":-0.9647759795188904},"size":46.168731689453128,"orthographic":false}