{"cameraMode":{"drawMode":0,"name":"Shaded","section":"Shading Mode"},"sceneLighting":false,"audioPlay":false,"sceneViewState":{"m_AlwaysRefresh":false,"showFog":true,"showSkybox":false,"showFlares":true,"showImageEffects":true,"showParticleSystems":true,"showVisualEffectGraphs":true,"m_FxEnabled":true},"in2DMode":false,"pivot":{"x":6.325831890106201,"y":-0.9038843512535095,"z":3.4067349433898927},"rotation":{"x":-0.11703206598758698,"y":-0.015794282779097558,"z":0.0018572129774838687,"w":-0.993034303188324},"size":5.287941932678223,"orthographic":false}